id,address
A01,"Crest Tower.K 74 Opp Harbour View.3, Cuffe Parade, Mumbai 400005"
A02,"304-Sameer tower/ Hill crest road bandra west, Mumbai 400050"
A03,Harbour View 1 B Tower Flat no.57 Cuffe Parade Mumbai 400005.
A04,"B-4702 Aurora Kalpa-Park lower parel, Mumbai 400013"
A05,"Harbour View 1 Flat no.104 A Cuffe Parade, Mumbai 400005"
A06,"Flat # 214, Marigold Apartment, R.K. Bhosle Road, cuff parade, Mumbai -400005"
A07,"Crest Tower A 18St Floor flat no Cuffe Parade, Mumbai 400005"
A08,"Crest Tower.A 11th floor Cuffe parade, Mumbai 400005"
A09,"Flat No 208 B Nirvana Apt 1 Worli, Mumbai 400030"
A10,"Nirvana ,IC,/317,Lower Parel, Mumbai 400009"
B01,"Emerald Heights A1203, JVN Nagar, MHADA, Andheri West, Mumbai 400053"
B02,Anjali CHS 503 5th Floor Near Anand Nagar Lane Opp.Metro Mart Chembur Mumbai-71.
B03,"B-1603, Oakridge Main St., Hiranandani, Powai, Mumbai 400076"
B04,"Sarita Building Flat No: 72 7th Floor next to Yb Kamat, Nariman Point, Mumbai 400021"
B05,"A-706 Orchid Forest Street Hiranandani Powai., Mumbai 400076"
B06,"B-1302 MAJESTIC HE Nr. Goregaon Bus De Goregaon West, Mumbai 400104"
B07,"1104 Skyline Sunrise opp Koli Gali Andheri East, Mumbai 400093"
B08,"Flat no. 902 k wing raheja Horizon Raheja Vihar powai, Mumbai 400072"
B09,"17C Flat 22 Nalanda Tapovan Caves Road, Andheri East, Mumbai 400093"
B10,"Sea Havan 3 rd flo Building No. 6 Harbur Road Near Radio club, Mumbai 400005"
C01,"47, mumbai"
C02,"Worli, Mumbai 400013"
C03,"605 D wing Bldg no. 31 MHADA chandivali, Mumbai 400072"
C04,"C 12 Building No 3 Near Directors Bung IIT Campus, Powai, Mumbai 400076"
C05,"A/408 Everst Crys Keshavbaug Lane Nr Ashford Colon, Santacruz west, Mumbai"
C06,"Harbour View.1 A Flat No.46, Cuffe Parade, Mumbai 400005"
C07,"T2-1804 K & R Sapphire isle Powai Brightpath Technologies Pvt Ltd. C-2215-18 Silverline Garden Estate, Mumbai"
C08,"E wing 1507 vasnt splendr jvlr, Jogeshwar West, Mumbai"
C09,"07 3rd Floor of a Building Nova Kiran CHSL Road Landmark: Frosty Cones Ice Cream Lane, Mahim, Mumbai 400016"
C10,"Flat 9 4th floor The Lighthouse Rani Tara road. Opp sachivalaya Gymkhana Churchgate, Mumbai"
